_id,comment_id,post_id,user_id,comment_content,comment_timestamp
67292df71641189d4000ea88,1,111,1,znhhkagrjr,2023-11-22 13:18:02
67292df71641189d4000ea89,2,162,1,rnorqaabom,2024-09-25 15:42:26
67292df71641189d4000ea8a,3,145,4,jstligmtaj,2024-08-27 21:35:26
67292df71641189d4000ea8b,4,70,10,xyhdzhkjmd,2023-06-18 15:44:43
67292df71641189d4000ea8c,5,150,5,lrixzdnzuo,2023-02-22 04:42:32
67292df71641189d4000ea8d,6,64,9,txbluzkztm,2024-05-29 02:34:39
67292df71641189d4000ea8e,7,14,2,ozwfzqnbcu,2023-05-04 23:55:45
67292df71641189d4000ea8f,8,122,4,wroaikzkaw,2024-09-02 00:17:17
67292df71641189d4000ea90,9,106,1,jnsehzxlyv,2023-04-28 19:11:40
67292df71641189d4000ea91,10,95,7,odiqnpokpl,2023-08-28 08:44:06
67292df71641189d4000ea92,11,182,1,dlnfiwrxwt,2024-08-23 01:16:05
67292df71641189d4000ea93,12,179,9,ahwnmbobvu,2023-08-08 07:36:19
67292df71641189d4000ea94,13,68,10,azltxnbtoq,2024-01-05 14:51:44
67292df71641189d4000ea95,14,87,1,gwyabuwcis,2023-11-08 02:32:04
67292df71641189d4000ea96,15,77,8,bbqihhvzkj,2023-06-28 12:24:57
67292df71641189d4000ea97,16,108,10,wnujhedkyl,2023-01-18 19:01:39
67292df71641189d4000ea98,17,58,2,ntewqidxsf,2024-04-26 02:18:09
67292df71641189d4000ea99,18,182,10,jyqmonaqhh,2023-02-21 01:09:21
67292df71641189d4000ea9a,19,121,7,gcgwlcbixf,2023-02-06 19:36:24
67292df71641189d4000ea9b,20,23,1,dpzwujlomn,2024-04-08 17:04:55
67292df71641189d4000ea9c,21,189,9,pkicfamvck,2023-10-25 19:44:05
67292df71641189d4000ea9d,22,69,3,iohsugnmjx,2024-06-17 23:40:56
67292df71641189d4000ea9e,23,156,7,dbcozhetyf,2024-03-26 09:09:44
67292df71641189d4000ea9f,24,70,2,terhdrkjjx,2023-06-19 06:09:45
67292df71641189d4000eaa0,25,98,9,hdrodrinjy,2024-05-06 12:36:50
67292df71641189d4000eaa1,26,7,10,pkwgnbvqkc,2024-05-03 09:21:23
67292df71641189d4000eaa2,27,86,9,zntzgmawni,2024-10-30 02:34:15
67292df71641189d4000eaa3,28,173,7,fywqcogvsf,2023-10-26 14:47:44
67292df71641189d4000eaa4,29,114,10,afbxmojamy,2024-09-12 19:36:13
67292df71641189d4000eaa5,30,17,7,achoqlqvca,2023-02-16 14:32:05
67292df71641189d4000eaa6,31,3,4,dwwpaalnih,2023-06-24 04:02:32
67292df71641189d4000eaa7,32,146,6,qzqjzfrlxs,2024-05-03 21:59:32
67292df71641189d4000eaa8,33,189,1,beckmfvkce,2024-03-10 01:09:02
67292df71641189d4000eaa9,34,200,1,xefiunranh,2023-03-26 00:00:14
67292df71641189d4000eaaa,35,119,3,vmcemnyagy,2023-09-30 01:43:28
67292df71641189d4000eaab,36,65,10,rvxcqgrsun,2024-07-23 00:59:16
67292df71641189d4000eaac,37,86,1,rwlpbvfinp,2023-04-28 10:27:47
67292df71641189d4000eaad,38,33,1,qnzmurfmxo,2024-05-03 13:28:18
67292df71641189d4000eaae,39,171,7,rmzvudepyt,2024-06-24 22:53:57
67292df71641189d4000eaaf,40,173,1,wxbaiyqtgh,2023-06-22 12:09:22
67292df71641189d4000eab0,41,52,8,gatfpuxrwb,2023-01-31 01:52:57
67292df71641189d4000eab1,42,13,1,fpejsowgen,2023-04-15 07:26:30
67292df71641189d4000eab2,43,19,5,hpawbvqglh,2023-10-02 17:25:22
67292df71641189d4000eab3,44,185,7,nichmguhcg,2023-03-19 12:46:10
67292df71641189d4000eab4,45,180,6,fiyksawuif,2023-09-15 04:13:19
67292df71641189d4000eab5,46,21,8,radnbauuks,2023-01-19 15:39:07
67292df71641189d4000eab6,47,191,10,fftdxlinwg,2023-04-30 03:20:09
67292df71641189d4000eab7,48,177,8,mtjyneunyg,2023-10-02 03:15:45
67292df71641189d4000eab8,49,12,9,cbghmhtlfj,2024-05-14 17:00:10
67292df71641189d4000eab9,50,16,6,ueyjpxtyxz,2023-01-20 05:21:39
67292df71641189d4000eaba,51,146,9,edrolxjcun,2024-03-03 05:04:51
67292df71641189d4000eabb,52,38,2,ltgnywtwhe,2023-12-14 03:12:37
67292df71641189d4000eabc,53,140,4,elliifhord,2023-12-05 05:44:24
67292df71641189d4000eabd,54,32,7,rlrtayrris,2023-05-23 00:55:07
67292df71641189d4000eabe,55,153,4,wybzziatka,2024-07-16 03:50:04
67292df71641189d4000eabf,56,71,8,tvmjigbsnl,2024-09-14 22:56:40
67292df71641189d4000eac0,57,45,6,xsvbbjxpzs,2024-01-10 21:55:10
67292df71641189d4000eac1,58,9,4,mdfugtqrhx,2024-03-23 02:40:08
67292df71641189d4000eac2,59,63,8,qndwdxwsmi,2023-05-29 20:14:29
67292df71641189d4000eac3,60,53,3,fqojzpigdw,2023-04-12 03:11:27
67292df71641189d4000eac4,61,66,4,mmgjuhgmbm,2023-06-24 01:54:54
67292df71641189d4000eac5,62,11,1,wtbdathcye,2023-11-26 12:05:26
67292df71641189d4000eac6,63,111,10,kesnraxrpx,2024-06-04 14:13:17
67292df71641189d4000eac7,64,99,10,dqlnxcgrwk,2023-03-27 18:07:28
67292df71641189d4000eac8,65,119,2,ovfbqkseit,2023-10-10 10:53:05
67292df71641189d4000eac9,66,118,4,zviowptfsw,2024-08-24 13:52:35
67292df71641189d4000eaca,67,139,9,zjbekjwppd,2023-03-27 07:43:40
67292df71641189d4000eacb,68,3,4,wcjvrvtpxg,2024-09-17 22:37:49
67292df71641189d4000eacc,69,2,3,lntkqvevol,2024-02-05 12:57:46
67292df71641189d4000eacd,70,39,1,dcegtazsgn,2024-08-05 18:27:23
67292df71641189d4000eace,71,82,3,lasurycvod,2023-02-08 08:56:21
67292df71641189d4000eacf,72,22,9,xzhbvzgcen,2024-04-12 00:09:47
67292df71641189d4000ead0,73,138,7,dmhgcotuyf,2023-02-14 04:33:23
67292df71641189d4000ead1,74,24,4,opadqhuebu,2024-01-21 12:11:28
67292df71641189d4000ead2,75,85,1,pltbdfrzlx,2023-01-22 15:34:49
67292df71641189d4000ead3,76,135,1,dwburpyucq,2023-10-25 00:41:53
67292df71641189d4000ead4,77,158,10,djpktdpihl,2023-04-25 11:51:58
67292df71641189d4000ead5,78,129,5,gqizleennm,2023-12-23 08:12:37
67292df71641189d4000ead6,79,114,8,unqudxvcpg,2024-09-20 13:20:59
67292df71641189d4000ead7,80,192,9,mwgguqymrw,2024-01-21 17:20:07
67292df71641189d4000ead8,81,83,5,ihnhqkgmda,2023-03-05 22:46:49
67292df71641189d4000ead9,82,62,1,vjtrjvguac,2023-03-05 00:02:20
67292df71641189d4000eada,83,132,2,tqgoajhcai,2023-10-29 07:33:18
67292df71641189d4000eadb,84,16,5,knewnvsbsx,2023-12-23 17:39:28
67292df71641189d4000eadc,85,18,3,dmorxkaolh,2024-04-10 14:51:18
67292df71641189d4000eadd,86,178,6,knnddvffbx,2024-07-20 14:00:48
67292df71641189d4000eade,87,8,1,icmchwwajc,2023-01-04 13:38:24
67292df71641189d4000eadf,88,6,10,wiemaajmkr,2023-09-30 14:58:28
67292df71641189d4000eae0,89,189,6,isrmysdefd,2024-05-15 18:03:39
67292df71641189d4000eae1,90,81,6,lotxilknfk,2024-04-13 03:25:31
67292df71641189d4000eae2,91,164,6,ghnvcpdeqr,2023-11-19 17:37:41
67292df71641189d4000eae3,92,41,4,olryjhonyz,2024-08-27 14:12:06
67292df71641189d4000eae4,93,175,8,wyslidvdcc,2024-09-19 02:43:16
67292df71641189d4000eae5,94,175,8,meqabbrqzf,2024-08-07 10:10:52
67292df71641189d4000eae6,95,164,1,klydcmyohc,2023-06-21 23:20:14
67292df71641189d4000eae7,96,46,10,eptwcmggqd,2023-10-28 06:58:48
67292df71641189d4000eae8,97,20,8,fqpcyvzdtw,2024-04-05 03:17:26
67292df71641189d4000eae9,98,84,6,jzvdiybrzk,2024-03-13 05:49:44
67292df71641189d4000eaea,99,122,8,lmrcvngvuu,2024-10-03 22:28:12
67292df71641189d4000eaeb,100,158,5,rylpcyxber,2024-06-29 22:19:16
67292df71641189d4000eaec,101,147,9,gjpwedzanq,2023-12-31 06:47:29
67292df71641189d4000eaed,102,103,5,lbdprtwoyk,2024-04-27 00:32:04
67292df71641189d4000eaee,103,30,3,wqumbejcei,2023-01-10 03:24:25
67292df71641189d4000eaef,104,7,7,qeymkdsetk,2024-05-19 22:50:05
67292df71641189d4000eaf0,105,8,8,hskkvirnid,2023-09-02 16:21:02
67292df71641189d4000eaf1,106,7,9,ckajpwjocj,2023-06-17 14:01:31
67292df71641189d4000eaf2,107,50,8,zrrtiyfvja,2023-01-20 17:30:14
67292df71641189d4000eaf3,108,79,1,iooafqarnw,2024-06-06 09:27:08
67292df71641189d4000eaf4,109,180,9,osnilaroye,2023-02-03 15:22:45
67292df71641189d4000eaf5,110,104,3,kjejzzeaxs,2023-12-28 16:23:41
67292df71641189d4000eaf6,111,110,9,ojwhpsjcww,2023-06-26 19:20:44
67292df71641189d4000eaf7,112,81,1,uilksiwovv,2023-03-31 01:18:19
67292df71641189d4000eaf8,113,62,9,qilstinxva,2023-10-06 23:34:15
67292df71641189d4000eaf9,114,11,7,gjdqvkgcow,2024-09-13 10:22:38
67292df71641189d4000eafa,115,193,1,kkzcttxort,2024-09-07 14:58:43
67292df71641189d4000eafb,116,33,10,yopczuhkii,2024-07-23 06:32:38
67292df71641189d4000eafc,117,114,4,ruccyqoznx,2023-09-12 22:37:16
67292df71641189d4000eafd,118,124,4,mnikkgpagc,2023-01-30 11:34:30
67292df71641189d4000eafe,119,105,6,qicyfcowrf,2024-07-03 21:10:40
67292df71641189d4000eaff,120,36,1,gukmtehmwo,2023-09-21 04:06:34
67292df71641189d4000eb00,121,53,10,kjfdtwkxta,2023-11-10 13:26:39
67292df71641189d4000eb01,122,12,5,frmeilwamb,2023-09-03 22:23:56
67292df71641189d4000eb02,123,106,8,lgxuxgoczh,2023-07-18 20:28:26
67292df71641189d4000eb03,124,126,5,mwxckfaamz,2023-10-16 10:21:01
67292df71641189d4000eb04,125,68,5,khalnhacvs,2023-04-02 12:16:12
67292df71641189d4000eb05,126,102,4,saatrzywbw,2024-03-11 02:06:17
67292df71641189d4000eb06,127,14,7,vuecsnosru,2023-08-20 02:01:31
67292df71641189d4000eb07,128,20,6,ryftcjnvgy,2023-10-22 20:55:31
67292df71641189d4000eb08,129,20,6,rtqjbdcbbr,2024-05-03 15:08:00
67292df71641189d4000eb09,130,97,6,uwwoehvpsr,2023-03-15 22:45:54
67292df71641189d4000eb0a,131,198,2,sbjnypnchr,2023-11-15 14:05:04
67292df71641189d4000eb0b,132,29,4,lryfthjawd,2023-04-10 12:12:53
67292df71641189d4000eb0c,133,154,2,aaofsenpvv,2024-07-15 19:44:59
67292df71641189d4000eb0d,134,40,1,uojamdujdz,2023-12-31 10:31:06
67292df71641189d4000eb0e,135,17,3,mtlolhzvwf,2024-09-05 13:46:09
67292df71641189d4000eb0f,136,77,4,bcwctbpexu,2023-08-28 10:59:25
67292df71641189d4000eb10,137,178,4,lywqsswjfd,2024-04-21 05:43:30
67292df71641189d4000eb11,138,190,2,hywgrscjur,2023-07-28 06:39:03
67292df71641189d4000eb12,139,123,5,tdjxegelqe,2023-05-18 20:54:39
67292df71641189d4000eb13,140,180,1,rcrnvrctzf,2023-02-28 02:54:27
67292df71641189d4000eb14,141,192,4,stmgknlntx,2024-03-12 00:46:01
67292df71641189d4000eb15,142,86,10,ngaikvaflf,2023-06-23 01:00:45
67292df71641189d4000eb16,143,107,3,lffannzumu,2023-12-28 06:41:29
67292df71641189d4000eb17,144,46,6,wlmuxuewcs,2023-12-27 16:21:20
67292df71641189d4000eb18,145,8,7,oasdfrdgib,2023-09-21 08:51:29
67292df71641189d4000eb19,146,68,7,jzzuqxqelr,2023-08-14 20:54:39
67292df71641189d4000eb1a,147,85,9,ypcsrevhqa,2023-02-16 06:58:25
67292df71641189d4000eb1b,148,130,9,ukhgtftizx,2024-09-23 03:32:47
67292df71641189d4000eb1c,149,33,6,ksfniujqlg,2024-10-27 17:05:33
67292df71641189d4000eb1d,150,85,1,uefeyxizud,2023-07-30 18:24:14
67292df71641189d4000eb1e,151,133,9,msgnzsyjjq,2023-07-26 08:59:06
67292df71641189d4000eb1f,152,172,6,hziczlebhk,2023-02-24 15:25:48
67292df71641189d4000eb20,153,97,3,obzcokrkqu,2024-03-27 03:17:51
67292df71641189d4000eb21,154,62,1,rsyyltzjwv,2024-03-30 21:02:39
67292df71641189d4000eb22,155,144,8,dgsvklikcr,2024-02-05 12:07:23
67292df71641189d4000eb23,156,136,7,aszwtqstri,2024-05-09 08:24:15
67292df71641189d4000eb24,157,191,3,azaeplunau,2024-01-23 15:05:06
67292df71641189d4000eb25,158,155,6,dxflwkydpq,2024-02-12 02:45:11
67292df71641189d4000eb26,159,173,10,lsdsbzjzte,2024-10-22 19:36:19
67292df71641189d4000eb27,160,191,1,kwsxldaowc,2023-06-07 05:21:00
67292df71641189d4000eb28,161,38,10,fgflxdnyhr,2023-06-26 21:28:30
67292df71641189d4000eb29,162,132,1,obhsjxsmmh,2024-07-19 14:56:36
67292df71641189d4000eb2a,163,91,1,kjvqqmzuoq,2023-10-01 23:50:02
67292df71641189d4000eb2b,164,170,1,humjvamtfh,2023-04-10 09:26:29
67292df71641189d4000eb2c,165,177,8,kkgpfejblp,2024-09-29 23:39:44
67292df71641189d4000eb2d,166,139,3,cpncgoubee,2024-10-25 17:02:20
67292df71641189d4000eb2e,167,189,7,xzoatldhbl,2024-07-26 17:08:24
67292df71641189d4000eb2f,168,64,7,jzztsbtlqo,2023-08-30 02:12:49
67292df71641189d4000eb30,169,169,6,efcnoxzkvm,2024-10-03 18:01:58
67292df71641189d4000eb31,170,25,7,soaisargnk,2023-08-05 21:01:24
67292df71641189d4000eb32,171,139,2,xppedfrfst,2024-03-15 13:21:07
67292df71641189d4000eb33,172,141,9,jtnztucimb,2023-05-07 18:01:10
67292df71641189d4000eb34,173,3,7,coukvitehu,2024-10-30 19:31:47
67292df71641189d4000eb35,174,84,6,ovfdshjlbj,2024-05-12 18:24:12
67292df71641189d4000eb36,175,191,6,sobhdkomvz,2024-08-01 00:50:07
67292df71641189d4000eb37,176,195,1,gqowtyclim,2024-05-08 03:42:58
67292df71641189d4000eb38,177,24,5,idibmwqnbx,2024-10-13 11:17:44
67292df71641189d4000eb39,178,73,1,sjkavtayju,2023-05-27 08:28:39
67292df71641189d4000eb3a,179,105,7,vigiymtvrg,2024-07-29 19:48:48
67292df71641189d4000eb3b,180,129,10,mvkisfcnms,2023-01-09 02:55:07
67292df71641189d4000eb3c,181,50,8,djrwlzioxy,2024-10-11 00:45:45
67292df71641189d4000eb3d,182,180,7,shmekkdkga,2023-12-12 03:17:57
67292df71641189d4000eb3e,183,94,10,udykdoejvg,2023-12-31 20:21:28
67292df71641189d4000eb3f,184,38,7,mpzicszcgi,2023-06-17 12:57:08
67292df71641189d4000eb40,185,26,9,heakdedogv,2024-08-25 15:46:48
67292df71641189d4000eb41,186,47,9,xuzrhyvigh,2024-03-10 19:08:46
67292df71641189d4000eb42,187,141,1,zxsgtjkcgv,2023-07-02 03:59:50
67292df71641189d4000eb43,188,85,1,vlqremvfqb,2024-03-24 09:11:53
67292df71641189d4000eb44,189,132,8,tchgesuuht,2023-10-29 12:01:55
67292df71641189d4000eb45,190,68,5,heerkdvnen,2023-05-24 23:18:53
67292df71641189d4000eb46,191,9,5,tselbwuerc,2023-05-06 04:25:40
67292df71641189d4000eb47,192,90,2,xfwhmxyqhj,2024-06-01 00:41:46
67292df71641189d4000eb48,193,126,6,xvccsuvlso,2024-06-19 18:45:42
67292df71641189d4000eb49,194,140,7,awuyfsnqzr,2023-12-06 20:52:41
67292df71641189d4000eb4a,195,68,9,vkebugaesv,2024-05-15 00:47:45
67292df71641189d4000eb4b,196,133,6,warvkwbjtb,2023-08-20 08:28:04
67292df71641189d4000eb4c,197,66,10,cbojplcugt,2024-09-29 01:12:42
67292df71641189d4000eb4d,198,46,3,gftsoxgmar,2023-10-03 12:50:08
67292df71641189d4000eb4e,199,121,2,ymcgtbelse,2023-09-21 17:11:56
67292df71641189d4000eb4f,200,141,2,ugyppwmmdl,2024-08-25 21:10:48
67292df71641189d4000eb50,201,194,1,vejivnkxes,2024-10-15 20:33:51
67292df71641189d4000eb51,202,33,10,jivchrspzh,2023-05-05 23:31:34
67292df71641189d4000eb52,203,168,8,hddqotksjv,2023-10-22 02:10:23
67292df71641189d4000eb53,204,129,8,hqnrsoepmj,2023-04-18 03:18:22
67292df71641189d4000eb54,205,188,4,lzlpszrhxj,2023-05-28 01:11:31
67292df71641189d4000eb55,206,60,7,yamjgilqfd,2023-08-14 07:33:16
67292df71641189d4000eb56,207,8,1,yayveksqfb,2023-07-28 19:19:11
67292df71641189d4000eb57,208,70,2,flxfvvijgn,2023-05-19 08:47:32
67292df71641189d4000eb58,209,158,4,obqogtzwzm,2023-03-01 16:02:32
67292df71641189d4000eb59,210,114,1,iwiqeexyoy,2023-07-22 03:20:56
67292df71641189d4000eb5a,211,3,3,mpdqarmwnl,2024-02-02 01:45:04
67292df71641189d4000eb5b,212,196,9,vgdbmmnxah,2024-04-14 12:15:47
67292df71641189d4000eb5c,213,193,5,ksvvavlvtk,2023-10-30 04:15:17
67292df71641189d4000eb5d,214,74,9,zdwdphhblm,2024-03-14 05:01:57
67292df71641189d4000eb5e,215,69,8,ssqutgrobu,2024-08-17 12:59:35
67292df71641189d4000eb5f,216,171,8,jljzfafiqe,2024-04-25 09:41:25
67292df71641189d4000eb60,217,156,10,pekoclkkiw,2023-10-05 20:42:03
67292df71641189d4000eb61,218,5,6,ydzhgvxylg,2023-02-08 11:20:30
67292df71641189d4000eb62,219,30,7,brniuktnnq,2023-01-02 09:07:08
67292df71641189d4000eb63,220,96,3,vuakwvomol,2023-12-13 21:47:37
67292df71641189d4000eb64,221,68,5,ljykwcwdwy,2024-03-21 17:06:46
67292df71641189d4000eb65,222,126,1,pciyxsjhsd,2023-03-16 00:38:34
67292df71641189d4000eb66,223,84,3,okrgyyijnd,2023-08-08 14:30:59
67292df71641189d4000eb67,224,101,6,qqegxvauno,2024-07-09 03:21:16
67292df71641189d4000eb68,225,74,8,zgcwjeetpa,2024-03-24 13:59:42
67292df71641189d4000eb69,226,129,9,scrxkvyqoz,2023-01-15 09:38:07
67292df71641189d4000eb6a,227,55,3,uuspzogdks,2024-06-28 14:03:44
67292df71641189d4000eb6b,228,71,1,mdbxdziaew,2023-06-01 05:47:47
67292df71641189d4000eb6c,229,58,3,rbiqmatokg,2023-04-06 00:08:10
67292df71641189d4000eb6d,230,63,10,msgdshozft,2023-01-21 01:14:17
67292df71641189d4000eb6e,231,2,7,uaxcpttyiy,2024-08-10 21:08:59
67292df71641189d4000eb6f,232,127,7,vkvhhyttah,2023-03-19 21:23:27
67292df71641189d4000eb70,233,52,2,mbugirgobh,2024-07-05 22:55:02
67292df71641189d4000eb71,234,31,3,scavgomrbz,2024-10-01 10:17:08
67292df71641189d4000eb72,235,7,7,hygzildqua,2023-09-12 13:38:35
67292df71641189d4000eb73,236,27,1,jvjgrfivvv,2024-06-27 05:11:09
67292df71641189d4000eb74,237,186,4,iujbmsedsd,2023-11-15 11:26:30
67292df71641189d4000eb75,238,96,8,jugnrsyozx,2023-07-22 03:47:22
67292df71641189d4000eb76,239,70,5,ntwrbbrutj,2023-07-02 02:26:09
67292df71641189d4000eb77,240,27,3,usthmctrkg,2023-08-18 19:02:21
67292df71641189d4000eb78,241,172,2,bbuyosqhkp,2024-08-07 10:05:37
67292df71641189d4000eb79,242,29,4,caahkjcseq,2023-01-04 04:36:27
67292df71641189d4000eb7a,243,158,1,hudrbcskxb,2024-10-20 07:54:05
67292df71641189d4000eb7b,244,52,8,hcgsyhjryy,2023-01-27 10:23:22
67292df71641189d4000eb7c,245,90,8,ozsecdeazz,2023-01-26 18:49:49
67292df71641189d4000eb7d,246,128,1,eqyqdswjob,2024-06-05 04:47:36
67292df71641189d4000eb7e,247,196,7,lidedarjvn,2023-08-09 01:53:01
67292df71641189d4000eb7f,248,186,3,djoqsoyheg,2024-03-01 17:06:59
67292df71641189d4000eb80,249,27,1,xmsgycikdj,2024-03-14 16:30:33
67292df71641189d4000eb81,250,44,8,wwpiomymwz,2024-02-15 18:22:38
67292df71641189d4000eb82,251,88,5,xocefzacon,2024-02-10 12:29:28
67292df71641189d4000eb83,252,175,4,akktmxlqgy,2024-10-06 10:29:57
67292df71641189d4000eb84,253,124,5,gwtpatvkfc,2023-07-31 10:01:53
67292df71641189d4000eb85,254,24,3,tmribxtvft,2023-07-28 19:27:44
67292df71641189d4000eb86,255,65,7,glsyttmgrk,2024-03-22 12:54:02
67292df71641189d4000eb87,256,6,9,nbbteopkhz,2023-03-01 09:27:47
67292df71641189d4000eb88,257,14,7,ysheznmycm,2023-01-01 14:39:47
67292df71641189d4000eb89,258,10,2,xpygoeqoiw,2024-09-10 04:18:15
67292df71641189d4000eb8a,259,111,7,yabdussqos,2023-11-21 11:06:10
67292df71641189d4000eb8b,260,26,8,iajgdjaqxx,2024-06-13 15:38:33
67292df71641189d4000eb8c,261,98,2,lugtyglimk,2023-10-01 02:45:08
67292df71641189d4000eb8d,262,20,6,iqxzegozwz,2023-07-17 09:31:48
67292df71641189d4000eb8e,263,161,3,enmwahnyua,2023-07-26 18:00:38
67292df71641189d4000eb8f,264,63,5,etxmebuusx,2024-02-26 09:23:10
67292df71641189d4000eb90,265,200,9,sghsekwshv,2024-07-27 11:31:44
67292df71641189d4000eb91,266,175,4,gtxhdyiazx,2023-01-09 05:46:17
67292df71641189d4000eb92,267,8,5,ddavktinqe,2024-06-22 17:52:19
67292df71641189d4000eb93,268,41,5,odzkisbrjk,2023-03-16 17:21:04
67292df71641189d4000eb94,269,21,9,uvcouiuofj,2023-09-13 01:15:27
67292df71641189d4000eb95,270,33,5,amhuxtffdz,2023-07-21 23:39:51
67292df71641189d4000eb96,271,41,3,ddxuwyyubm,2023-06-29 04:58:58
67292df71641189d4000eb97,272,158,4,oqtugtpeqw,2023-02-11 02:23:24
67292df71641189d4000eb98,273,15,9,gmdlbqzijb,2023-03-23 10:59:29
67292df71641189d4000eb99,274,89,8,wkxrlpybco,2024-08-23 22:22:53
67292df71641189d4000eb9a,275,13,10,hnbrmimhql,2024-10-20 00:56:47
67292df71641189d4000eb9b,276,57,7,vocfoiqnbu,2023-08-04 05:32:16
67292df71641189d4000eb9c,277,136,1,fpnfxwcoww,2024-07-25 13:35:56
67292df71641189d4000eb9d,278,143,7,uiavmkvvux,2024-01-18 11:33:24
67292df71641189d4000eb9e,279,188,1,blzvmpjhyo,2024-01-12 12:33:59
67292df71641189d4000eb9f,280,80,2,pebgubqthr,2023-08-29 07:27:01
67292df71641189d4000eba0,281,11,8,zmurhfpbdw,2024-06-04 16:46:44
67292df71641189d4000eba1,282,185,1,trpfseupvb,2024-03-02 12:19:40
67292df71641189d4000eba2,283,164,9,hvmwmluwdu,2023-08-27 13:51:39
67292df71641189d4000eba3,284,35,9,plocivtrwm,2024-06-21 08:58:10
67292df71641189d4000eba4,285,93,3,rkgfdtkuly,2023-02-16 14:25:43
67292df71641189d4000eba5,286,57,1,wiparvtmvj,2023-03-30 11:45:56
67292df71641189d4000eba6,287,174,8,vpcndoicbg,2023-09-08 02:55:46
67292df71641189d4000eba7,288,72,10,yjxbxfydiy,2024-08-08 16:15:21
67292df71641189d4000eba8,289,35,5,vlendffyrn,2023-02-05 10:22:04
67292df71641189d4000eba9,290,169,7,rcyxheltgl,2024-07-24 21:42:32
67292df71641189d4000ebaa,291,168,4,vdnnviwobv,2024-04-08 16:30:20
67292df71641189d4000ebab,292,14,9,wumtwgyojh,2024-02-20 19:10:27
67292df71641189d4000ebac,293,91,1,cpvsveynhj,2023-09-18 06:09:19
67292df71641189d4000ebad,294,52,6,luwilhuqqf,2023-08-07 18:45:38
67292df71641189d4000ebae,295,117,5,erlptkldhj,2024-07-09 19:38:04
67292df71641189d4000ebaf,296,192,4,bwjagvihbs,2024-09-10 00:02:41
67292df71641189d4000ebb0,297,48,2,pxfcimnwbr,2023-09-18 06:20:16
67292df71641189d4000ebb1,298,15,6,nrzegtwcmf,2023-11-15 22:29:31
67292df71641189d4000ebb2,299,155,10,mikitjurlu,2024-05-21 05:47:42
67292df71641189d4000ebb3,300,141,5,jegitivqba,2024-08-29 13:52:56
67292df71641189d4000ebb4,301,42,3,cjiejwtydd,2024-07-27 09:57:35
67292df71641189d4000ebb5,302,98,5,zhqujwlbik,2023-10-13 10:19:27
67292df71641189d4000ebb6,303,30,8,ldhukhckmc,2023-08-18 00:27:40
67292df71641189d4000ebb7,304,27,5,cgpmhncfvf,2024-10-08 21:39:58
67292df71641189d4000ebb8,305,73,8,ifqvwusxct,2024-02-03 18:50:31
67292df71641189d4000ebb9,306,159,1,flznbmdemv,2024-08-04 21:23:48
67292df71641189d4000ebba,307,103,1,snhfpktebo,2023-03-17 01:27:12
67292df71641189d4000ebbb,308,67,6,luxmywruuj,2024-08-12 18:02:36
67292df71641189d4000ebbc,309,6,2,rcxahrrbci,2024-09-03 20:01:07
67292df71641189d4000ebbd,310,66,8,bvfdvrtfwx,2024-08-26 17:30:54
67292df71641189d4000ebbe,311,11,4,jczcgsbzgt,2024-06-22 04:42:16
67292df71641189d4000ebbf,312,2,4,atqrldnsyw,2023-01-31 00:29:23
67292df71641189d4000ebc0,313,137,6,qanvineaii,2024-04-30 05:47:06
67292df71641189d4000ebc1,314,53,6,hscalhmszf,2024-05-14 20:42:10
67292df71641189d4000ebc2,315,120,7,wlievdaloi,2023-05-16 11:56:12
67292df71641189d4000ebc3,316,97,9,hvthvbnnof,2024-01-25 18:42:18
67292df71641189d4000ebc4,317,23,9,lktimwmggz,2023-01-19 06:52:51
67292df71641189d4000ebc5,318,168,2,lwwovtmkip,2024-02-13 19:52:31
67292df71641189d4000ebc6,319,47,3,uxwlokkeiw,2023-08-25 06:27:45
67292df71641189d4000ebc7,320,61,10,npvhchkstv,2023-05-17 11:10:24
67292df71641189d4000ebc8,321,46,1,qrnqyyfelj,2023-06-08 11:39:15
67292df71641189d4000ebc9,322,180,10,gscdmnxwkg,2023-04-30 04:37:21
67292df71641189d4000ebca,323,77,5,xdmfqasdxa,2024-09-14 14:16:32
67292df71641189d4000ebcb,324,196,1,lduudpnhrb,2024-08-13 09:23:20
67292df71641189d4000ebcc,325,185,4,wqkldempuv,2023-08-03 20:05:32
67292df71641189d4000ebcd,326,171,9,zlmswzhprq,2023-11-12 12:49:21
67292df71641189d4000ebce,327,148,9,kehsrwegcj,2023-08-18 07:38:37
67292df71641189d4000ebcf,328,79,3,gpijxnpsjh,2023-01-08 20:00:37
67292df71641189d4000ebd0,329,53,5,motpqccfqn,2023-02-25 03:52:36
67292df71641189d4000ebd1,330,168,5,nmqhfxjvce,2024-06-26 05:50:07
67292df71641189d4000ebd2,331,78,9,bsjnqyetqb,2023-02-12 06:52:58
67292df71641189d4000ebd3,332,123,4,munqdvrhlb,2024-01-21 23:52:12
67292df71641189d4000ebd4,333,184,1,ixmrbpbmpl,2024-03-19 02:03:42
67292df71641189d4000ebd5,334,116,9,mbaqsmklku,2023-01-26 21:22:47
67292df71641189d4000ebd6,335,136,8,jryqoumojf,2024-06-13 05:10:29
67292df71641189d4000ebd7,336,15,4,osogvdroot,2024-08-20 22:54:43
67292df71641189d4000ebd8,337,94,9,xovwtvjowl,2023-12-10 11:56:54
67292df71641189d4000ebd9,338,137,1,xrpswowaep,2024-06-12 13:46:05
67292df71641189d4000ebda,339,166,10,blzwjrnsny,2024-03-26 12:28:39
67292df71641189d4000ebdb,340,103,2,fqqsgrsazc,2023-10-06 00:39:30
67292df71641189d4000ebdc,341,124,6,eybgcwnwow,2023-03-31 22:51:42
67292df71641189d4000ebdd,342,65,10,sxufatftjr,2023-12-20 21:33:11
67292df71641189d4000ebde,343,140,3,ayrwgeordk,2024-07-09 14:03:19
67292df71641189d4000ebdf,344,151,3,lbaxbxixlf,2024-08-19 19:10:59
67292df71641189d4000ebe0,345,71,8,lwsgzgkztw,2023-08-16 01:47:22
67292df71641189d4000ebe1,346,24,5,tbvdzaembp,2023-05-26 20:41:24
67292df71641189d4000ebe2,347,47,1,ewkhimumwh,2024-06-23 03:03:34
67292df71641189d4000ebe3,348,72,7,ldsabcgcso,2023-11-13 00:13:56
67292df71641189d4000ebe4,349,140,5,nnpsznfqxb,2023-06-12 10:08:47
67292df71641189d4000ebe5,350,74,6,izjxkbsrqm,2024-07-28 16:33:32
67292df71641189d4000ebe6,351,104,1,yrlgzimnyg,2024-02-10 19:45:51
67292df71641189d4000ebe7,352,169,4,swftmpvdqz,2023-12-12 14:39:41
67292df71641189d4000ebe8,353,50,1,kqndggptcn,2023-11-03 18:02:24
67292df71641189d4000ebe9,354,142,2,ojzdlylwsg,2024-07-04 02:47:22
67292df71641189d4000ebea,355,120,1,ealtvjaiux,2024-05-21 03:50:33
67292df71641189d4000ebeb,356,134,5,hpmyepqlko,2023-04-19 07:36:04
67292df71641189d4000ebec,357,121,2,jxdoviupai,2023-01-26 14:01:19
67292df71641189d4000ebed,358,183,8,zpcjpdmdah,2023-12-06 15:05:53
67292df71641189d4000ebee,359,66,4,ippvlwairv,2023-05-23 18:47:25
67292df71641189d4000ebef,360,101,2,hbaglxlskr,2023-02-11 11:45:16
67292df71641189d4000ebf0,361,12,5,fovbfwkyjz,2023-04-25 01:36:58
67292df71641189d4000ebf1,362,61,6,eosufsxnjb,2024-01-29 11:35:45
67292df71641189d4000ebf2,363,55,4,jqzorezsqt,2024-06-12 11:23:34
67292df71641189d4000ebf3,364,104,9,dvlzgqdcbi,2023-12-29 00:39:05
67292df71641189d4000ebf4,365,104,6,ffxisrppez,2023-11-12 19:10:00
67292df71641189d4000ebf5,366,160,1,mktfylwrhd,2024-07-06 09:27:12
67292df71641189d4000ebf6,367,179,6,jpdpjxjdbb,2023-06-08 16:42:18
67292df71641189d4000ebf7,368,14,9,igmmfxgheh,2023-08-04 04:08:49
67292df71641189d4000ebf8,369,164,7,eabyeywtif,2023-03-10 14:16:55
67292df71641189d4000ebf9,370,198,2,neejvxtqxv,2023-09-30 01:46:32
67292df71641189d4000ebfa,371,126,4,vcljbqxnou,2024-04-03 10:01:22
67292df71641189d4000ebfb,372,147,7,iqaqkhxdpq,2023-05-24 12:24:06
67292df71641189d4000ebfc,373,53,8,dlpeqozemc,2024-04-06 08:49:09
67292df71641189d4000ebfd,374,137,8,bmzfusozxu,2023-01-23 13:25:31
67292df71641189d4000ebfe,375,171,4,uuunoiuold,2023-06-17 07:25:00
67292df71641189d4000ebff,376,194,2,uwmiidcurr,2023-07-10 15:08:45
67292df71641189d4000ec00,377,157,7,qqvbvbvvkh,2023-07-07 03:56:35
67292df71641189d4000ec01,378,79,7,obcjtlfgss,2024-06-22 02:22:12
67292df71641189d4000ec02,379,138,9,uwqyqqezia,2023-01-19 11:18:18
67292df71641189d4000ec03,380,165,1,gsynfikwyl,2023-01-03 21:58:07
67292df71641189d4000ec04,381,188,6,azoalslawh,2023-11-30 03:11:24
67292df71641189d4000ec05,382,153,7,rwfkisbber,2023-03-23 06:34:17
67292df71641189d4000ec06,383,92,3,kawcsuhbca,2024-08-28 22:45:38
67292df71641189d4000ec07,384,141,3,sgubxciffy,2023-08-31 13:51:00
67292df71641189d4000ec08,385,86,9,lgiirfklai,2024-04-15 04:34:39
67292df71641189d4000ec09,386,21,1,mtfqtxtltr,2023-05-26 11:58:29
67292df71641189d4000ec0a,387,104,3,zwrefvlixx,2024-05-03 23:46:46
67292df71641189d4000ec0b,388,159,2,dkkpuvsjqa,2023-11-16 19:28:08
67292df71641189d4000ec0c,389,16,1,yhgrghtuxj,2024-03-03 13:09:11
67292df71641189d4000ec0d,390,133,4,wptghqxnpz,2024-07-03 02:42:40
67292df71641189d4000ec0e,391,74,1,upgojpkcto,2024-09-27 18:22:48
67292df71641189d4000ec0f,392,91,5,azjmseslao,2024-03-23 07:05:40
67292df71641189d4000ec10,393,137,6,pjzwwdmkwd,2023-12-15 14:28:43
67292df71641189d4000ec11,394,151,1,phuhdigsen,2024-06-27 11:44:34
67292df71641189d4000ec12,395,25,3,fypkdskipg,2023-02-24 19:57:46
67292df71641189d4000ec13,396,143,7,shcycehmtc,2023-03-06 15:37:14
67292df71641189d4000ec14,397,32,3,uqqsixfhzl,2023-11-10 01:37:12
67292df71641189d4000ec15,398,89,3,dmptfiztpg,2024-01-08 09:49:25
67292df71641189d4000ec16,399,12,9,dzinvvasqt,2023-06-12 18:50:57
67292df71641189d4000ec17,400,183,4,gvmtwhvmzl,2023-09-05 17:47:18
67292df71641189d4000ec18,401,91,10,qipefujyxu,2023-08-07 18:42:32
67292df71641189d4000ec19,402,125,1,peuxmnokrl,2023-03-10 08:04:18
67292df71641189d4000ec1a,403,163,10,khjckugajj,2023-10-19 06:23:05
67292df71641189d4000ec1b,404,168,2,jpswtsjtjy,2023-08-16 20:16:56
67292df71641189d4000ec1c,405,120,2,unyxsephpq,2023-07-10 10:38:06
67292df71641189d4000ec1d,406,5,5,nabkposlqw,2023-08-12 05:18:18
67292df71641189d4000ec1e,407,134,3,izchnswxhb,2024-06-24 20:55:43
67292df71641189d4000ec1f,408,48,3,ljvcmpqsqw,2024-10-21 08:46:39
67292df71641189d4000ec20,409,154,1,ffypwvsotx,2024-06-13 22:35:51
67292df71641189d4000ec21,410,198,2,nhwvwpmgeg,2023-08-19 12:36:28
67292df71641189d4000ec22,411,166,9,dtsmdbbjgv,2023-08-12 04:59:28
67292df71641189d4000ec23,412,58,10,vivdyismlb,2023-06-05 05:57:41
67292df71641189d4000ec24,413,95,5,btfacrgfvk,2024-03-06 07:33:40
67292df71641189d4000ec25,414,10,2,uacffmohep,2023-12-31 21:51:59
67292df71641189d4000ec26,415,152,4,dimqmtsryh,2023-11-06 17:24:48
67292df71641189d4000ec27,416,27,3,sytthhlmqr,2024-04-18 08:05:04
67292df71641189d4000ec28,417,200,8,ihzjlbxhfu,2023-06-05 06:42:06
67292df71641189d4000ec29,418,38,5,qkcscuafxu,2023-01-02 04:29:35
67292df71641189d4000ec2a,419,74,2,wsmwxmsdfd,2024-08-26 00:54:13
67292df71641189d4000ec2b,420,111,8,pivgjresar,2023-05-16 05:17:32
67292df71641189d4000ec2c,421,183,3,gxmrddawss,2023-11-02 21:22:04
67292df71641189d4000ec2d,422,28,5,qmnfyfsbja,2024-06-10 04:20:30
67292df71641189d4000ec2e,423,133,4,rbpnwkmesm,2023-04-27 15:37:54
67292df71641189d4000ec2f,424,88,8,bbwcqskiou,2023-09-28 06:42:57
67292df71641189d4000ec30,425,193,5,lvowpwlgdb,2024-06-28 13:31:39
67292df71641189d4000ec31,426,140,10,csghfofqog,2023-11-08 17:36:09
67292df71641189d4000ec32,427,111,2,mhxzqigqae,2023-10-19 19:06:02
67292df71641189d4000ec33,428,90,1,navrcndmns,2024-10-10 18:54:18
67292df71641189d4000ec34,429,134,2,merrgxtcld,2024-09-18 02:40:29
67292df71641189d4000ec35,430,168,10,hqyptqzhyj,2024-05-29 13:23:41
67292df71641189d4000ec36,431,132,4,gmcvhonlgy,2024-03-04 03:30:46
67292df71641189d4000ec37,432,108,6,hgwuesqfvy,2024-05-27 04:03:22
67292df71641189d4000ec38,433,51,8,jifwyfefvu,2024-03-26 13:02:41
67292df71641189d4000ec39,434,141,10,yfqfcqwjoy,2024-01-22 10:15:17
67292df71641189d4000ec3a,435,122,4,fricjdtqqz,2023-12-07 18:27:20
67292df71641189d4000ec3b,436,130,9,xudwolydwk,2023-08-07 01:13:10
67292df71641189d4000ec3c,437,124,10,ptphbsfmja,2023-09-07 14:06:12
67292df71641189d4000ec3d,438,51,9,webbcqbalf,2024-06-15 13:14:47
67292df71641189d4000ec3e,439,200,8,bgrgoftpns,2023-02-02 04:30:12
67292df71641189d4000ec3f,440,121,9,wjwyubqbav,2023-05-11 05:11:35
67292df71641189d4000ec40,441,133,10,frmufajowh,2024-05-24 19:26:31
67292df71641189d4000ec41,442,10,4,jlahjpwrtq,2023-11-23 07:37:16
67292df71641189d4000ec42,443,113,4,ejhvkutswb,2023-01-08 22:12:02
67292df71641189d4000ec43,444,140,10,owiqzpdzcj,2024-05-06 15:24:47
67292df71641189d4000ec44,445,150,9,htfphwzktr,2023-08-12 02:36:52
67292df71641189d4000ec45,446,98,2,nnzdzxhqtv,2023-03-15 12:22:15
67292df71641189d4000ec46,447,152,5,iiplffcohf,2023-01-16 07:21:26
67292df71641189d4000ec47,448,197,3,fxxenqrhqw,2023-06-13 09:24:00
67292df71641189d4000ec48,449,138,3,eihwkbqbse,2023-01-07 08:39:05
67292df71641189d4000ec49,450,194,8,cjwwfkwncv,2023-08-13 02:34:31
67292df71641189d4000ec4a,451,187,5,kzawzackqw,2024-06-23 22:27:01
67292df71641189d4000ec4b,452,72,2,erurtsvkll,2024-03-12 08:27:00
67292df71641189d4000ec4c,453,121,10,qkpizvetzy,2023-02-23 18:06:24
67292df71641189d4000ec4d,454,172,8,utpumherhq,2023-03-18 03:37:39
67292df71641189d4000ec4e,455,11,7,uyhoieyxlj,2024-05-02 04:28:58
67292df71641189d4000ec4f,456,171,6,kzhpdfsajj,2024-04-30 08:50:34
67292df71641189d4000ec50,457,142,10,uaglujriko,2023-12-31 13:54:49
67292df71641189d4000ec51,458,55,10,khnlpiroqo,2023-09-23 10:30:24
67292df71641189d4000ec52,459,57,10,bznnemakqf,2024-01-27 12:12:04
67292df71641189d4000ec53,460,18,2,shxwistbkg,2023-01-26 23:40:23
67292df71641189d4000ec54,461,138,4,razoikdnft,2024-01-10 03:39:41
67292df71641189d4000ec55,462,51,6,vtogbwumai,2024-09-26 22:52:32
67292df71641189d4000ec56,463,171,4,ezfhxwqifg,2023-10-24 06:28:09
67292df71641189d4000ec57,464,2,9,szotthheyq,2023-04-19 07:20:00
67292df71641189d4000ec58,465,7,6,vblrzthjzp,2023-06-16 01:56:22
67292df71641189d4000ec59,466,24,9,cginhclrma,2023-07-22 07:45:03
67292df71641189d4000ec5a,467,136,6,vigalxvkgl,2024-02-17 16:14:02
67292df71641189d4000ec5b,468,162,10,zldtwecrno,2024-03-30 22:16:13
67292df71641189d4000ec5c,469,119,2,ihoihahxio,2024-10-10 10:26:52
67292df71641189d4000ec5d,470,82,4,tzjzdqtzzb,2024-06-18 05:19:42
67292df71641189d4000ec5e,471,180,7,rwrmazjcqu,2024-06-15 14:29:54
67292df71641189d4000ec5f,472,75,4,vwsugzmuxm,2023-02-22 13:21:22
67292df71641189d4000ec60,473,200,10,mvecabufet,2024-10-12 08:20:14
67292df71641189d4000ec61,474,160,9,iaduvfyhgm,2023-11-14 14:05:38
67292df71641189d4000ec62,475,182,2,upgvfkxvlp,2023-02-03 02:17:56
67292df71641189d4000ec63,476,189,6,fqxbycjckm,2023-08-11 19:21:32
67292df71641189d4000ec64,477,12,1,yegcvzkwla,2023-06-01 17:12:27
67292df71641189d4000ec65,478,142,7,nqshfkznkp,2024-07-12 00:20:19
67292df71641189d4000ec66,479,171,2,ntugxgorwn,2024-05-22 02:34:38
67292df71641189d4000ec67,480,92,9,ydpwctshlf,2023-08-23 05:55:45
67292df71641189d4000ec68,481,191,7,ahsfxcefsc,2023-04-07 17:42:09
67292df71641189d4000ec69,482,88,5,sywjkqrdiz,2023-11-11 16:35:23
67292df71641189d4000ec6a,483,147,3,rruefrihpd,2023-01-16 02:49:41
67292df71641189d4000ec6b,484,10,4,gsgjettmmr,2023-02-14 18:03:25
67292df71641189d4000ec6c,485,172,5,zcfjtrxbkh,2023-10-14 06:11:45
67292df71641189d4000ec6d,486,128,7,tgybjzzpry,2024-09-25 14:15:55
67292df71641189d4000ec6e,487,160,1,cwfwiijthy,2023-01-14 11:26:25
67292df71641189d4000ec6f,488,129,8,kgbobeyyio,2023-09-19 00:59:54
67292df71641189d4000ec70,489,58,1,qjhylxjfac,2024-01-08 12:46:05
67292df71641189d4000ec71,490,138,8,sgqqivglng,2024-10-26 14:58:13
67292df71641189d4000ec72,491,197,9,dvpladawcq,2024-02-10 21:37:49
67292df71641189d4000ec73,492,91,3,wptbylmqol,2024-07-23 15:01:13
67292df71641189d4000ec74,493,193,3,jypnlxlvxr,2023-08-28 20:05:09
67292df71641189d4000ec75,494,85,1,drywsmuyio,2024-10-14 16:30:48
67292df71641189d4000ec76,495,154,9,vlixxplydg,2024-07-14 19:21:34
67292df71641189d4000ec77,496,45,9,ckveaqvzes,2023-01-13 17:37:15
67292df71641189d4000ec78,497,118,5,zbtiqpgung,2023-02-26 07:04:45
67292df71641189d4000ec79,498,120,8,bzhegjjgaa,2023-08-23 21:47:44
67292df71641189d4000ec7a,499,28,8,tqemstarxx,2023-07-04 20:45:19
67292df71641189d4000ec7b,500,34,6,qqhescofjf,2024-04-17 07:19:32
67292df71641189d4000ec7c,501,35,10,xguefkhetn,2023-10-07 01:49:50
67292df71641189d4000ec7d,502,193,3,ditnwoeump,2023-06-08 22:41:18
67292df71641189d4000ec7e,503,95,7,mardngjpbd,2024-10-06 14:53:35
67292df71641189d4000ec7f,504,54,6,nasqzkbcov,2023-02-11 08:58:06
67292df71641189d4000ec80,505,129,8,xoqxtmbuwj,2024-06-22 11:26:57
67292df71641189d4000ec81,506,174,5,kagbccywua,2024-01-24 09:21:47
67292df71641189d4000ec82,507,67,3,fnrjdaksoa,2023-09-05 07:37:49
67292df71641189d4000ec83,508,145,5,njtuilwgln,2023-01-05 17:40:28
67292df71641189d4000ec84,509,192,9,ppbjpsnklu,2023-01-23 01:11:38
67292df71641189d4000ec85,510,162,9,ukxqcqjjcy,2023-04-27 01:11:48
67292df71641189d4000ec86,511,47,5,ztoiylofog,2024-09-15 10:24:48
67292df71641189d4000ec87,512,27,7,aljaaascsx,2023-12-28 12:10:48
67292df71641189d4000ec88,513,78,4,bwfuyojtkn,2023-12-23 03:06:19
67292df71641189d4000ec89,514,3,2,dcbfbtgphx,2023-07-20 15:10:52
67292df71641189d4000ec8a,515,148,10,hnbffnneka,2023-03-30 20:22:05
67292df71641189d4000ec8b,516,142,8,luwhnwmrtc,2023-10-30 06:52:08
67292df71641189d4000ec8c,517,15,2,bapapcgarr,2024-01-03 16:57:22
67292df71641189d4000ec8d,518,194,1,ihqqlmvkoa,2024-07-22 13:20:06
67292df71641189d4000ec8e,519,108,6,msowyjeqcp,2024-06-28 19:02:39
67292df71641189d4000ec8f,520,93,1,vxnggtksua,2023-04-04 18:25:17
67292df71641189d4000ec90,521,192,9,lmmiatrhyi,2024-04-24 07:15:36
67292df71641189d4000ec91,522,174,1,pjffcnpfqz,2024-01-24 22:59:21
67292df71641189d4000ec92,523,12,1,mdpdthyefl,2023-06-09 17:17:10
67292df71641189d4000ec93,524,92,9,gfzgzzzfvd,2023-09-07 04:52:50
67292df71641189d4000ec94,525,62,4,fjfevojmco,2024-05-26 11:28:32
67292df71641189d4000ec95,526,169,7,akxuclgbed,2023-07-18 16:24:32
67292df71641189d4000ec96,527,108,6,ickvjdpfdg,2023-07-13 19:14:33
67292df71641189d4000ec97,528,198,6,qmfmacbwrn,2023-05-23 20:51:59
67292df71641189d4000ec98,529,154,7,acabnrmkvr,2024-07-23 02:37:15
67292df71641189d4000ec99,530,21,8,ajwhsosrkc,2024-10-13 00:08:30
67292df71641189d4000ec9a,531,185,6,shdjjdqeqj,2023-07-01 01:55:58
67292df71641189d4000ec9b,532,191,7,pelbfhicrq,2023-04-07 02:41:12
67292df71641189d4000ec9c,533,124,9,ntzlhvkxrp,2023-01-31 18:39:46
67292df71641189d4000ec9d,534,136,5,zdfzhjxrqd,2023-06-13 16:49:22
67292df71641189d4000ec9e,535,199,9,kjwbnvncyv,2024-06-03 05:43:12
67292df71641189d4000ec9f,536,193,9,lgrkapxazw,2023-06-13 08:46:24
67292df71641189d4000eca0,537,52,7,syytphgrpb,2023-12-16 00:09:38
67292df71641189d4000eca1,538,52,7,zaaijvmwka,2023-01-21 16:16:25
67292df71641189d4000eca2,539,168,6,bguprcumgf,2023-06-25 22:35:53
67292df71641189d4000eca3,540,187,8,gnxlerpiet,2023-03-20 15:24:36
67292df71641189d4000eca4,541,176,7,xqdnhvlhrz,2024-06-10 12:43:29
67292df71641189d4000eca5,542,97,2,efjwwxmhhv,2023-11-25 05:53:37
67292df71641189d4000eca6,543,5,3,zltdsyednq,2023-10-25 03:55:24
67292df71641189d4000eca7,544,110,9,acaaccoomw,2023-09-06 02:18:32
67292df71641189d4000eca8,545,193,5,jagewmixoz,2023-01-12 17:56:41
67292df71641189d4000eca9,546,188,8,yibtogvmgl,2023-09-09 03:19:50
67292df71641189d4000ecaa,547,96,6,nqwybrbnkp,2024-06-12 00:58:24
67292df71641189d4000ecab,548,181,10,trvccwoazd,2023-07-30 15:16:57
67292df71641189d4000ecac,549,83,3,sztsfvxftg,2024-02-13 08:41:14
67292df71641189d4000ecad,550,78,7,busittqddz,2023-03-23 14:18:34
67292df71641189d4000ecae,551,23,4,haryylxspr,2024-05-20 08:25:17
67292df71641189d4000ecaf,552,153,3,zrxubgboir,2023-09-24 00:48:23
67292df71641189d4000ecb0,553,96,3,ohtyloprqf,2023-07-06 10:54:00
67292df71641189d4000ecb1,554,37,1,ktlrtmnpnj,2023-06-02 18:17:55
67292df71641189d4000ecb2,555,73,4,uxkznrqjmq,2024-02-13 00:57:34
67292df71641189d4000ecb3,556,81,4,rzupvxxcbs,2023-02-11 17:10:25
67292df71641189d4000ecb4,557,11,9,wpffaksaad,2023-01-14 08:17:29
67292df71641189d4000ecb5,558,97,4,hppnulnwth,2024-07-20 21:19:10
67292df71641189d4000ecb6,559,167,7,yxiubqbyka,2023-07-08 21:11:17
67292df71641189d4000ecb7,560,102,9,jmjlagygof,2023-12-05 19:00:34
67292df71641189d4000ecb8,561,165,2,fzmqpltdpe,2024-04-12 21:57:24
67292df71641189d4000ecb9,562,134,4,tvnvssscvo,2023-02-08 08:26:11
67292df71641189d4000ecba,563,197,2,bnsvbkocly,2024-10-23 20:25:46
67292df71641189d4000ecbb,564,42,3,dwswsjhrqx,2023-02-28 05:49:01
67292df71641189d4000ecbc,565,153,3,lrtvoazgzv,2024-01-09 19:59:28
67292df71641189d4000ecbd,566,57,3,qaucpnnvbl,2023-01-15 17:03:12
67292df71641189d4000ecbe,567,144,7,lvtaacqten,2024-01-22 04:14:44
67292df71641189d4000ecbf,568,131,4,ksashalqye,2024-07-08 04:04:19
67292df71641189d4000ecc0,569,89,3,zfyntlaqjm,2024-06-24 14:55:02
67292df71641189d4000ecc1,570,21,6,mkffacjcny,2024-09-30 11:23:13
67292df71641189d4000ecc2,571,35,6,tdcpkfkcwq,2023-04-07 11:39:14
67292df71641189d4000ecc3,572,128,4,adajyfgspv,2023-12-27 12:09:27
67292df71641189d4000ecc4,573,116,6,ivjpuqvovr,2023-05-21 21:26:37
67292df71641189d4000ecc5,574,116,2,auxmjwrylm,2023-06-06 05:27:08
67292df71641189d4000ecc6,575,200,3,kbqywdyxch,2024-04-13 04:07:30
67292df71641189d4000ecc7,576,198,2,kgtfzqiliw,2023-01-17 11:19:28
67292df71641189d4000ecc8,577,146,1,gafbjavcfv,2024-10-09 07:50:09
67292df71641189d4000ecc9,578,69,5,czlkjmptzd,2024-07-02 18:11:58
67292df71641189d4000ecca,579,65,3,bnmktrjixk,2024-09-29 15:41:45
67292df71641189d4000eccb,580,124,5,gfczheenrf,2024-04-25 23:25:04
67292df71641189d4000eccc,581,62,3,cjwktofxyz,2023-07-08 07:35:10
67292df71641189d4000eccd,582,193,8,iypgxpolrc,2023-01-24 10:05:56
67292df71641189d4000ecce,583,46,3,aenaoeydhh,2023-12-02 13:38:16
67292df71641189d4000eccf,584,3,3,ziluobeeie,2023-12-29 06:53:27
67292df71641189d4000ecd0,585,21,10,ludjhsxdcd,2024-04-12 10:27:09
67292df71641189d4000ecd1,586,142,7,bwsayjgrog,2024-06-03 05:38:44
67292df71641189d4000ecd2,587,40,5,afqyljsezp,2023-12-21 15:33:09
67292df71641189d4000ecd3,588,160,1,gowgitovkf,2024-01-08 20:10:25
67292df71641189d4000ecd4,589,178,4,ignjzzussr,2024-01-13 11:02:20
67292df71641189d4000ecd5,590,140,6,hmojeelpxd,2023-10-29 22:59:02
67292df71641189d4000ecd6,591,79,10,inkzvtnozl,2024-03-21 19:51:59
67292df71641189d4000ecd7,592,160,7,hxitugnynk,2023-11-21 06:14:59
67292df71641189d4000ecd8,593,187,8,ohgkwcmtbd,2023-09-02 11:50:33
67292df71641189d4000ecd9,594,168,7,juzvlbsiad,2024-03-12 17:35:59
67292df71641189d4000ecda,595,144,3,izbguzjfew,2023-07-24 18:12:19
67292df71641189d4000ecdb,596,118,7,hrpbvuzaab,2024-04-03 21:30:08
67292df71641189d4000ecdc,597,35,8,vbivmdxksf,2024-03-01 14:13:18
67292df71641189d4000ecdd,598,107,7,lpqnbsyinc,2023-10-26 18:17:14
67292df71641189d4000ecde,599,135,9,xvbnnfjewk,2024-04-07 07:23:01
67292df71641189d4000ecdf,600,161,2,hkikvjyqur,2024-01-30 18:58:45
67292df71641189d4000ece0,601,114,6,pujuxbrucf,2024-02-18 03:43:12
67292df71641189d4000ece1,602,149,7,whynammznx,2023-09-15 18:38:01
67292df71641189d4000ece2,603,179,10,eqvjbrxqhc,2024-08-06 16:31:11
67292df71641189d4000ece3,604,120,3,jowjkqocys,2023-12-26 07:18:05
67292df71641189d4000ece4,605,116,7,cwbliqnodo,2023-07-16 02:44:17
67292df71641189d4000ece5,606,5,1,zcoffnxlfc,2023-12-28 12:30:24
67292df71641189d4000ece6,607,60,1,yvmubgdtsh,2023-03-09 21:51:55
67292df71641189d4000ece7,608,34,5,cbrttpwdxo,2023-12-10 13:29:40
67292df71641189d4000ece8,609,185,5,sdawkckfvn,2023-11-18 18:59:11
67292df71641189d4000ece9,610,47,2,nykrozuhne,2024-06-28 19:35:46
67292df71641189d4000ecea,611,64,8,bzufnxwyuq,2024-02-01 02:19:57
67292df71641189d4000eceb,612,161,7,buboqngyum,2023-03-10 03:01:13
67292df71641189d4000ecec,613,56,2,vqhythlgoe,2023-08-17 14:11:31
67292df71641189d4000eced,614,72,7,lwvybaygbq,2023-05-17 22:20:39
67292df71641189d4000ecee,615,66,3,mcjrfdinfv,2023-05-27 02:09:57
67292df71641189d4000ecef,616,70,7,vkobzgoqqv,2024-07-21 04:19:38
67292df71641189d4000ecf0,617,69,10,kxoiglwlmv,2023-01-08 09:19:12
67292df71641189d4000ecf1,618,156,9,tctmblsqok,2024-01-08 18:11:39
67292df71641189d4000ecf2,619,48,9,nmbvwyitus,2023-12-01 14:12:21
67292df71641189d4000ecf3,620,10,3,sqtfgcjslf,2024-05-02 06:13:51
67292df71641189d4000ecf4,621,32,3,vqaowaykeg,2023-04-02 18:14:25
67292df71641189d4000ecf5,622,63,4,lvghpsyjnr,2024-02-25 12:42:50
67292df71641189d4000ecf6,623,29,8,lgpzkzifky,2023-11-29 15:22:02
67292df71641189d4000ecf7,624,63,3,nisiisykqw,2024-07-24 03:12:44
67292df71641189d4000ecf8,625,124,10,bkkhymuuga,2024-09-20 01:40:10
67292df71641189d4000ecf9,626,73,5,dixtiigaja,2023-04-20 00:28:16
67292df71641189d4000ecfa,627,2,4,wiyjuvfjif,2024-10-22 01:14:54
67292df71641189d4000ecfb,628,144,5,qtyzlnwpfa,2024-02-18 08:34:09
67292df71641189d4000ecfc,629,135,10,wwjsnogvcw,2024-05-15 14:33:58
67292df71641189d4000ecfd,630,188,7,ohdjvldjgz,2023-12-27 05:24:55
67292df71641189d4000ecfe,631,41,9,ptejavraak,2024-04-20 08:16:48
67292df71641189d4000ecff,632,86,7,kodudwggdj,2023-09-28 23:50:15
67292df71641189d4000ed00,633,117,7,czvrrsdauw,2024-10-26 16:12:19
67292df71641189d4000ed01,634,121,2,zdorbxvuyn,2023-08-26 03:01:27
67292df71641189d4000ed02,635,171,5,vuxeagtqte,2023-03-23 12:50:18
67292df71641189d4000ed03,636,133,10,hvmcrtebvi,2023-02-20 17:18:28
67292df71641189d4000ed04,637,14,7,luaklpeppn,2023-10-13 23:40:58
67292df71641189d4000ed05,638,135,5,tkoerjhmit,2024-08-09 14:59:38
67292df71641189d4000ed06,639,107,2,ikxtbkdjbb,2023-08-09 04:32:36
67292df71641189d4000ed07,640,160,10,azyugennie,2023-03-09 11:51:57
67292df71641189d4000ed08,641,38,6,uytzryxmxn,2023-01-13 14:04:53
67292df71641189d4000ed09,642,13,10,riikmcpszx,2024-02-20 02:03:22
67292df71641189d4000ed0a,643,41,10,orgufkziaq,2024-07-26 17:58:41
67292df71641189d4000ed0b,644,48,8,snskoctceo,2024-03-28 12:57:22
67292df71641189d4000ed0c,645,121,6,imbscchlmi,2023-12-11 13:40:31
67292df71641189d4000ed0d,646,44,6,vytgkqcncy,2023-10-16 16:40:30
67292df71641189d4000ed0e,647,60,6,tcgdobywnr,2023-10-03 00:57:53
67292df71641189d4000ed0f,648,161,4,wyfhposqct,2023-02-01 10:36:48
67292df71641189d4000ed10,649,54,7,itjztxhizh,2023-11-18 00:06:36
67292df71641189d4000ed11,650,91,4,jypkghsoys,2023-11-24 12:47:07
67292df71641189d4000ed12,651,44,10,fltzhzwuoy,2023-05-13 10:46:34
67292df71641189d4000ed13,652,43,4,rkmwzzwaqn,2023-11-01 08:13:42
67292df71641189d4000ed14,653,198,1,rwuhkezlfv,2024-03-17 14:30:35
67292df71641189d4000ed15,654,63,6,xpakrsqlih,2023-11-23 14:10:16
67292df71641189d4000ed16,655,92,6,bcubppiqcj,2024-05-17 15:04:46
67292df71641189d4000ed17,656,177,3,uivzyyvilb,2023-05-26 00:27:13
67292df71641189d4000ed18,657,130,7,lmybxjeuur,2024-04-17 14:32:10
67292df71641189d4000ed19,658,110,5,ujfucwmfvw,2023-11-25 13:20:57
67292df71641189d4000ed1a,659,149,2,ojnerwxnfz,2024-04-19 08:36:45
67292df71641189d4000ed1b,660,169,6,qmiivxmulc,2024-04-04 03:15:24
67292df71641189d4000ed1c,661,121,8,txjblfnikm,2024-05-11 03:35:44
67292df71641189d4000ed1d,662,89,9,twubakavtk,2024-03-31 04:55:00
67292df71641189d4000ed1e,663,121,9,dvpeptbjix,2023-10-22 22:50:44
67292df71641189d4000ed1f,664,49,7,erpiqzvdpi,2024-03-30 22:57:41
67292df71641189d4000ed20,665,23,6,fedlhdypvm,2024-06-14 19:59:03
67292df71641189d4000ed21,666,188,9,dbastccaok,2024-09-28 00:45:45
67292df71641189d4000ed22,667,13,3,wsxyvfhzmf,2023-07-18 19:04:43
67292df71641189d4000ed23,668,26,9,ofkjuifpnh,2023-01-19 12:34:20
67292df71641189d4000ed24,669,169,4,nrpsocbunm,2024-06-02 19:37:20
67292df71641189d4000ed25,670,81,1,snplbaporb,2023-10-11 10:21:26
67292df71641189d4000ed26,671,130,6,uzvpkqdhil,2024-07-05 18:45:44
67292df71641189d4000ed27,672,2,10,yayrkitcdn,2023-12-02 16:06:49
67292df71641189d4000ed28,673,56,4,tnuowmtwur,2024-05-25 13:39:50
67292df71641189d4000ed29,674,94,9,cvzmjrlpjg,2023-02-18 06:24:47
67292df71641189d4000ed2a,675,119,6,fhqfwqpdrc,2023-04-15 06:57:20
67292df71641189d4000ed2b,676,147,10,tugijfecmw,2024-08-16 10:47:05
67292df71641189d4000ed2c,677,7,10,yphvxxepqk,2024-09-01 22:31:11
67292df71641189d4000ed2d,678,65,4,evjairvili,2024-02-27 22:20:08
67292df71641189d4000ed2e,679,87,10,rqyewikhij,2023-11-05 23:05:41
67292df71641189d4000ed2f,680,76,6,xuaiaxuloa,2023-06-27 13:59:42
67292df71641189d4000ed30,681,10,5,ptcozzogld,2023-02-01 05:47:56
67292df71641189d4000ed31,682,23,7,dzzsdrsjwo,2023-02-26 17:45:35
67292df71641189d4000ed32,683,80,7,lnunydfyay,2024-05-31 17:59:57
67292df71641189d4000ed33,684,23,4,ufopxbudgb,2023-10-19 05:34:44
67292df71641189d4000ed34,685,181,3,iagpijyxcm,2024-09-21 05:37:46
67292df71641189d4000ed35,686,190,3,vudaantcrm,2024-01-07 18:29:13
67292df71641189d4000ed36,687,97,9,ccjvxzwquu,2024-08-14 23:53:28
67292df71641189d4000ed37,688,94,2,rszvmfotxg,2023-08-05 05:40:14
67292df71641189d4000ed38,689,8,10,rkfnirargb,2023-03-23 22:58:23
67292df71641189d4000ed39,690,25,2,hmmmxbkiyq,2024-03-20 16:35:18
67292df71641189d4000ed3a,691,135,6,ijlnbtodhg,2023-06-04 14:39:55
67292df71641189d4000ed3b,692,104,9,wavgmqzzyn,2023-08-03 01:30:08
67292df71641189d4000ed3c,693,86,3,baftgraezv,2023-09-26 00:39:42
67292df71641189d4000ed3d,694,176,2,kxcmpjotvz,2024-06-18 03:24:52
67292df71641189d4000ed3e,695,133,1,dxuzhqcoai,2024-08-05 22:44:29
67292df71641189d4000ed3f,696,105,1,ozmvpllper,2024-06-21 23:54:25
67292df71641189d4000ed40,697,92,2,vuqpciamil,2024-05-17 17:13:34
67292df71641189d4000ed41,698,42,3,qmjnuzkbon,2023-08-26 04:44:19
67292df71641189d4000ed42,699,180,5,txtjdatdud,2023-11-10 07:12:49
67292df71641189d4000ed43,700,194,6,hgtadgageh,2024-01-27 23:17:56
67292df71641189d4000ed44,701,35,8,oymezalmyv,2024-05-15 11:23:30
67292df71641189d4000ed45,702,1,10,vvxcqbtgpu,2023-12-13 15:23:47
67292df71641189d4000ed46,703,77,3,xitklgjchw,2023-11-15 16:04:48
67292df71641189d4000ed47,704,24,6,vvmboduqly,2024-03-26 06:19:29
67292df71641189d4000ed48,705,8,2,xaihepvgxs,2023-12-17 06:33:51
67292df71641189d4000ed49,706,16,8,tijcbsllul,2023-01-24 20:26:35
67292df71641189d4000ed4a,707,138,5,xgmlfvbuns,2024-06-16 09:05:10
67292df71641189d4000ed4b,708,157,10,khjrryhgrq,2024-03-15 18:06:32
67292df71641189d4000ed4c,709,134,6,pdfsfivkek,2023-11-24 11:14:54
67292df71641189d4000ed4d,710,14,10,bxrashvmps,2024-09-27 21:34:48
67292df71641189d4000ed4e,711,110,3,ksltmhdqwl,2023-11-11 00:49:08
67292df71641189d4000ed4f,712,50,2,jvafupicxh,2023-05-30 03:40:36
67292df71641189d4000ed50,713,139,6,xyddewzrun,2023-02-14 03:15:41
67292df71641189d4000ed51,714,53,6,uffbwlqupf,2024-07-26 22:28:43
67292df71641189d4000ed52,715,90,9,uigfueirnh,2023-07-16 21:22:47
67292df71641189d4000ed53,716,176,1,yavsksuubz,2024-08-05 09:24:40
67292df71641189d4000ed54,717,179,7,lqsmmzqhlb,2023-10-08 10:15:17
67292df71641189d4000ed55,718,119,10,rtvgeiihpa,2024-07-26 03:38:01
67292df71641189d4000ed56,719,104,7,pauokesjve,2023-12-22 15:50:15
67292df71641189d4000ed57,720,12,2,quqqjbofml,2024-06-16 00:51:49
67292df71641189d4000ed58,721,130,7,ekaujzaowf,2023-07-10 20:19:03
67292df71641189d4000ed59,722,182,6,xifqflhehu,2023-03-29 21:52:42
67292df71641189d4000ed5a,723,83,1,rxcimovuom,2024-05-16 09:02:34
67292df71641189d4000ed5b,724,156,8,gjbgogydkh,2023-10-24 00:02:21
67292df71641189d4000ed5c,725,123,2,jxolymsuqo,2023-10-30 04:24:44
67292df71641189d4000ed5d,726,89,10,vxtqsmutvm,2023-06-02 00:47:45
67292df71641189d4000ed5e,727,121,6,ubvuctfijx,2023-06-25 00:18:52
67292df71641189d4000ed5f,728,15,4,mdzcwtpamy,2023-05-02 05:24:45
67292df71641189d4000ed60,729,145,2,wrooyjybyz,2023-05-27 19:36:23
67292df71641189d4000ed61,730,165,3,mlrlimzitj,2024-02-25 16:13:41
67292df71641189d4000ed62,731,78,8,cocommavss,2024-01-06 18:17:44
67292df71641189d4000ed63,732,125,3,kclpmfcfai,2023-06-09 01:59:59
67292df71641189d4000ed64,733,115,1,bulmtfvyjf,2024-08-02 13:39:42
67292df71641189d4000ed65,734,32,1,naeckckwdh,2023-05-13 03:54:42
67292df71641189d4000ed66,735,71,5,vpdgqazsxj,2023-02-18 23:25:49
67292df71641189d4000ed67,736,11,9,vbghisjtbi,2023-03-19 21:52:56
67292df71641189d4000ed68,737,73,2,ijhgtrgcwp,2023-07-02 00:16:47
67292df71641189d4000ed69,738,136,8,umpmpyydfw,2023-06-08 21:48:07
67292df71641189d4000ed6a,739,13,8,hwwgoqshsm,2024-02-27 13:07:57
67292df71641189d4000ed6b,740,113,9,gjwmugyewg,2023-03-12 10:27:51
67292df71641189d4000ed6c,741,118,6,tkjktsjukh,2024-09-14 11:41:53
67292df71641189d4000ed6d,742,50,1,mciyhqazjs,2024-01-19 11:33:06
67292df71641189d4000ed6e,743,66,1,nejleayoyg,2023-10-14 07:08:18
67292df71641189d4000ed6f,744,164,1,synttujlut,2023-03-15 07:44:17
67292df71641189d4000ed70,745,144,1,ketdrtlwxh,2023-06-11 16:21:30
67292df71641189d4000ed71,746,52,1,mgeerwfspb,2024-06-19 21:25:47
67292df71641189d4000ed72,747,173,7,qjnjpnczqj,2024-01-19 11:03:18
67292df71641189d4000ed73,748,36,1,fkstlzcxox,2024-05-18 16:38:52
67292df71641189d4000ed74,749,192,4,dhhydfecww,2024-02-09 04:01:51
67292df71641189d4000ed75,750,16,2,bpxuekxduh,2024-03-23 14:10:51
67292df71641189d4000ed76,751,155,6,gfhjlyoxki,2024-04-27 17:18:02
67292df71641189d4000ed77,752,70,9,wftmcvedmy,2023-01-12 04:08:30
67292df71641189d4000ed78,753,130,10,pdmaebbegi,2023-10-14 09:55:05
67292df71641189d4000ed79,754,144,1,mlgfvfapwk,2024-10-25 13:50:51
67292df71641189d4000ed7a,755,56,7,ondnbktmri,2024-04-30 04:47:34
67292df71641189d4000ed7b,756,192,3,ygqkcarlgr,2023-06-07 04:44:18
67292df71641189d4000ed7c,757,41,7,hyrebwsgns,2023-07-13 22:31:15
67292df71641189d4000ed7d,758,156,5,ivplrmorpr,2024-04-17 21:08:37
67292df71641189d4000ed7e,759,58,1,yqwlacxeml,2024-03-14 15:43:59
67292df71641189d4000ed7f,760,165,7,nnndfahhqo,2024-05-30 06:26:15
67292df71641189d4000ed80,761,44,1,fweqjrupee,2024-06-12 04:04:29
67292df71641189d4000ed81,762,125,5,lzwkemtjml,2023-03-20 08:43:38
67292df71641189d4000ed82,763,66,8,vgwkrygylr,2023-03-11 01:27:34
67292df71641189d4000ed83,764,163,10,nbqkxeubfi,2023-07-22 18:24:04
67292df71641189d4000ed84,765,125,6,ihzhvzgnux,2023-06-22 06:37:30
67292df71641189d4000ed85,766,56,4,hajifuwkfd,2023-01-04 00:44:41
67292df71641189d4000ed86,767,103,2,uohiwvcecz,2023-09-07 10:45:32
67292df71641189d4000ed87,768,130,5,awngovbfhs,2023-07-30 13:42:37
67292df71641189d4000ed88,769,155,10,zdjgrixjwk,2023-06-23 17:15:55
67292df71641189d4000ed89,770,191,7,fckagurvam,2024-02-10 09:38:40
67292df71641189d4000ed8a,771,68,9,uohugwnsmc,2023-04-01 06:23:32
67292df71641189d4000ed8b,772,111,2,kohpzvpafu,2023-05-09 04:51:23
67292df71641189d4000ed8c,773,17,4,xzdprktwld,2023-09-09 22:33:47
67292df71641189d4000ed8d,774,189,2,irotmtevtt,2023-10-31 14:13:13
67292df71641189d4000ed8e,775,83,4,mqzybfwhqz,2024-02-25 01:53:31
67292df71641189d4000ed8f,776,73,1,xzpvjcpinx,2023-07-15 12:59:09
67292df71641189d4000ed90,777,146,4,dqrzsrdgji,2023-02-14 05:27:37
67292df71641189d4000ed91,778,87,7,ypurokkamy,2024-06-14 19:28:09
67292df71641189d4000ed92,779,127,3,uipqrpfmox,2023-10-19 12:41:48
67292df71641189d4000ed93,780,10,8,hoibgmcndz,2023-01-16 21:59:00
67292df71641189d4000ed94,781,135,9,vfsfzpbxay,2024-01-27 22:25:58
67292df71641189d4000ed95,782,43,8,igtequqpmp,2023-10-17 04:47:50
67292df71641189d4000ed96,783,109,4,tfkxtjuyhy,2023-09-24 09:28:28
67292df71641189d4000ed97,784,61,7,wplpurkngj,2023-12-11 09:46:42
67292df71641189d4000ed98,785,42,3,ondoffwxch,2023-11-10 18:31:48
67292df71641189d4000ed99,786,163,4,dijofmsqns,2023-04-25 08:58:43
67292df71641189d4000ed9a,787,182,5,tsxzrbjafu,2024-01-25 09:25:05
67292df71641189d4000ed9b,788,148,10,aqemwuzers,2024-06-14 08:00:31
67292df71641189d4000ed9c,789,152,6,vkdpbsbgef,2023-05-04 20:10:02
67292df71641189d4000ed9d,790,70,8,clvzckgobf,2023-08-19 17:15:30
67292df71641189d4000ed9e,791,116,2,vbyrmdfxrq,2024-02-25 18:36:52
67292df71641189d4000ed9f,792,181,3,iqjlcqmpgj,2023-10-21 22:55:48
67292df71641189d4000eda0,793,19,8,pxoeefskzf,2023-09-07 09:49:54
67292df71641189d4000eda1,794,90,3,dbqzkgirjy,2023-02-10 03:04:51
67292df71641189d4000eda2,795,34,6,vknjgkxiwe,2023-07-16 12:13:04
67292df71641189d4000eda3,796,125,5,drsiirujhd,2024-08-20 02:23:25
67292df71641189d4000eda4,797,48,2,yajkvqalse,2023-05-10 12:03:50
67292df71641189d4000eda5,798,151,10,uzezmzrjqq,2023-02-16 10:18:35
67292df71641189d4000eda6,799,196,5,ncwrxkvbdk,2024-01-31 21:01:36
67292df71641189d4000eda7,800,91,3,vwskoyvakx,2024-04-22 10:29:12
67292df71641189d4000eda8,801,69,2,vhtyedudyf,2023-12-20 16:05:45
67292df71641189d4000eda9,802,130,1,urdhmtghem,2024-07-06 08:29:54
67292df71641189d4000edaa,803,104,7,rhigamndti,2024-02-11 10:16:13
67292df71641189d4000edab,804,18,5,pmdawvexhr,2023-12-28 06:09:21
67292df71641189d4000edac,805,107,2,twcsjyfiiu,2023-10-11 09:42:35
67292df71641189d4000edad,806,170,8,cktivqggtn,2023-01-11 16:44:06
67292df71641189d4000edae,807,131,1,zbmxgwzukz,2023-11-11 08:03:25
67292df71641189d4000edaf,808,48,1,puzcfdniyf,2023-06-08 06:38:23
67292df71641189d4000edb0,809,170,7,spfpupzyws,2024-03-08 04:25:06
67292df71641189d4000edb1,810,57,10,mkshmnmzec,2023-10-18 07:42:13
67292df71641189d4000edb2,811,58,1,uevcyetwwr,2024-03-22 10:09:38
67292df71641189d4000edb3,812,101,9,rkwtppnsab,2023-10-19 21:41:51
67292df71641189d4000edb4,813,8,6,pxekxqmymk,2024-06-06 23:58:37
67292df71641189d4000edb5,814,60,10,udjfbisjma,2023-08-17 15:49:44
67292df71641189d4000edb6,815,129,5,gufhftnluf,2024-06-14 19:18:00
67292df71641189d4000edb7,816,76,1,arlwlqpcdr,2023-12-01 01:24:45
67292df71641189d4000edb8,817,148,2,hpntqiacnp,2024-05-27 20:12:26
67292df71641189d4000edb9,818,77,3,naggudadli,2023-12-18 18:26:28
67292df71641189d4000edba,819,162,7,pfdltsuuqg,2024-10-05 04:57:59
67292df71641189d4000edbb,820,120,7,qibhwmtcob,2024-10-17 00:05:04
67292df71641189d4000edbc,821,186,4,ickbqldbyp,2024-03-06 04:38:50
67292df71641189d4000edbd,822,94,4,bkrvyeglta,2023-07-24 11:15:33
67292df71641189d4000edbe,823,123,2,kqptjvvtje,2023-10-19 03:38:23
67292df71641189d4000edbf,824,70,2,zhtwvygnzu,2024-01-06 13:07:33
67292df71641189d4000edc0,825,53,8,ghotcniwcy,2023-02-15 13:38:51
67292df71641189d4000edc1,826,72,4,mojxxsshfq,2024-09-06 09:06:09
67292df71641189d4000edc2,827,153,1,shicjyqmzb,2024-10-31 03:58:37
67292df71641189d4000edc3,828,184,3,wgktjophge,2023-05-26 13:37:02
67292df71641189d4000edc4,829,19,4,dqhswgmttr,2023-02-10 18:58:24
67292df71641189d4000edc5,830,17,5,onrygrikij,2023-10-10 12:07:04
67292df71641189d4000edc6,831,137,8,kmrdwncefi,2023-05-09 18:15:18
67292df71641189d4000edc7,832,157,4,zfwvfzloqw,2024-07-03 19:35:04
67292df71641189d4000edc8,833,85,3,rcuujxrzbz,2024-05-22 16:21:53
67292df71641189d4000edc9,834,24,5,vqcpndliev,2024-01-05 01:11:35
67292df71641189d4000edca,835,154,6,hfqdxiwaqg,2024-06-03 04:00:29
67292df71641189d4000edcb,836,96,3,wzugpkpmdu,2024-01-18 01:23:04
67292df71641189d4000edcc,837,51,7,huhnqekgvr,2024-04-11 11:39:49
67292df71641189d4000edcd,838,69,3,xnrthkwycd,2023-09-14 03:55:22
67292df71641189d4000edce,839,36,1,wdpxirbvtp,2023-01-04 19:55:40
67292df71641189d4000edcf,840,80,9,pskvjmdodd,2023-08-01 00:41:30
67292df71641189d4000edd0,841,104,8,rbfpxmqzof,2023-07-28 14:30:44
67292df71641189d4000edd1,842,195,9,vhtzyragzm,2024-10-13 22:41:52
67292df71641189d4000edd2,843,105,5,zymytyfahe,2023-06-25 16:37:16
67292df71641189d4000edd3,844,76,5,mpdqlooedi,2024-03-02 07:33:26
67292df71641189d4000edd4,845,191,7,mucuphhlqa,2024-01-25 00:06:10
67292df71641189d4000edd5,846,34,10,tjumrwhfhr,2024-10-03 12:45:38
67292df71641189d4000edd6,847,21,2,rrjymttwpw,2024-05-12 15:10:28
67292df71641189d4000edd7,848,196,2,aumemjcvub,2024-04-11 19:17:52
67292df71641189d4000edd8,849,155,6,zoeobwugkl,2024-01-16 21:49:22
67292df71641189d4000edd9,850,97,6,szbuenmxpa,2023-03-14 02:29:50
67292df71641189d4000edda,851,8,1,zileawgfgr,2023-04-21 19:18:20
67292df71641189d4000eddb,852,71,3,jvysiemkhq,2024-02-21 02:04:47
67292df71641189d4000eddc,853,95,5,xcxfxscjdw,2024-04-05 10:34:12
67292df71641189d4000eddd,854,10,5,sqpxeikylg,2023-04-10 08:32:32
67292df71641189d4000edde,855,30,8,rygikapqxg,2024-06-17 16:05:50
67292df71641189d4000eddf,856,159,10,mjgbdtzgdt,2023-07-15 19:56:21
67292df71641189d4000ede0,857,184,9,vfwzwmtqhj,2024-06-19 23:07:14
67292df71641189d4000ede1,858,57,1,adogiomzmb,2023-10-20 09:55:48
67292df71641189d4000ede2,859,36,9,rrgreoxzat,2024-02-05 03:00:24
67292df71641189d4000ede3,860,187,8,nuwbfwdwrc,2023-02-07 15:54:55
67292df71641189d4000ede4,861,127,7,jjzwzpsjlk,2023-03-09 02:58:15
67292df71641189d4000ede5,862,88,4,nrrehmizay,2024-06-21 23:19:40
67292df71641189d4000ede6,863,59,10,vmksojgkyx,2024-09-13 02:35:11
67292df71641189d4000ede7,864,149,6,hbtauuswrq,2023-04-02 08:51:31
67292df71641189d4000ede8,865,89,10,mjqcjdufkc,2023-01-26 04:18:38
67292df71641189d4000ede9,866,3,3,cdrwoupvbc,2023-11-27 23:27:31
67292df71641189d4000edea,867,64,1,aaxefzxokb,2023-07-26 10:37:42
67292df71641189d4000edeb,868,49,8,lwgiuullnm,2023-01-26 13:58:13
67292df71641189d4000edec,869,99,5,wlfojgplwg,2023-04-16 06:10:17
67292df71641189d4000eded,870,35,10,syxbzaxtjo,2024-03-15 14:55:51
67292df71641189d4000edee,871,184,9,hmxapkpbyf,2023-11-21 12:47:05
67292df71641189d4000edef,872,177,2,pclignhkal,2023-04-29 21:25:19
67292df71641189d4000edf0,873,177,9,iygqxorniv,2023-12-11 13:09:46
67292df71641189d4000edf1,874,185,5,edixfgnjdw,2023-10-06 13:23:46
67292df71641189d4000edf2,875,121,5,gfgmsewwkc,2023-04-24 05:28:59
67292df71641189d4000edf3,876,178,3,bpzgmjpkdt,2024-03-17 01:35:16
67292df71641189d4000edf4,877,122,10,kpozficbmt,2023-12-13 21:57:27
67292df71641189d4000edf5,878,25,2,nbwctztjyl,2023-01-15 05:47:52
67292df71641189d4000edf6,879,47,2,luaehmxopc,2023-05-31 19:30:03
67292df71641189d4000edf7,880,27,4,gjndugsjda,2024-05-27 01:37:43
67292df71641189d4000edf8,881,65,9,fzraixjjfw,2023-10-12 06:15:37
67292df71641189d4000edf9,882,41,3,hiicmvnqta,2023-07-07 20:19:05
67292df71641189d4000edfa,883,114,9,xwxlzxooxj,2024-03-06 05:54:20
67292df71641189d4000edfb,884,187,4,hgdzdxorqy,2023-10-25 18:30:44
67292df71641189d4000edfc,885,90,10,pkzbagtabm,2024-10-03 03:11:26
67292df71641189d4000edfd,886,2,10,fcgaiwitcc,2024-08-10 07:47:41
67292df71641189d4000edfe,887,166,9,vhlracownv,2023-03-16 04:47:14
67292df71641189d4000edff,888,7,5,usjxvvhhjl,2024-10-23 03:45:01
67292df71641189d4000ee00,889,173,3,gnnakhkcqv,2023-01-26 03:10:37
67292df71641189d4000ee01,890,156,9,athjwkcsmu,2024-04-24 07:30:10
67292df71641189d4000ee02,891,125,4,tpkhzkccja,2023-09-07 21:04:41
67292df71641189d4000ee03,892,92,4,lnxenafrsg,2024-01-17 05:10:38
67292df71641189d4000ee04,893,27,7,httnykvsov,2023-08-18 01:43:52
67292df71641189d4000ee05,894,152,4,ikgeainnzs,2024-05-23 19:10:16
67292df71641189d4000ee06,895,7,10,qdsslibcid,2023-04-26 05:06:41
67292df71641189d4000ee07,896,85,1,zvvfwejcpu,2024-07-30 04:21:25
67292df71641189d4000ee08,897,31,5,ogfibxsbev,2024-01-28 11:00:49
67292df71641189d4000ee09,898,177,7,cpnfssmwhr,2023-03-11 01:21:02
67292df71641189d4000ee0a,899,133,4,welycrubsj,2024-01-30 17:49:16
67292df71641189d4000ee0b,900,145,2,oojtiemswl,2024-06-05 02:08:10
67292df71641189d4000ee0c,901,124,2,pcwxotpauo,2023-08-12 01:53:45
67292df71641189d4000ee0d,902,154,5,xochvzpmnm,2023-03-28 05:57:03
67292df71641189d4000ee0e,903,25,9,ahlxwwuixk,2024-07-16 16:22:02
67292df71641189d4000ee0f,904,38,9,dzjvggwqeg,2023-03-08 06:13:12
67292df71641189d4000ee10,905,72,6,hehmozpzdc,2023-05-13 12:06:11
67292df71641189d4000ee11,906,101,10,xfuraqexpu,2023-03-04 19:22:26
67292df71641189d4000ee12,907,141,6,vdwtkbqhld,2023-07-02 23:21:43
67292df71641189d4000ee13,908,44,9,xxcumfjczp,2024-08-07 00:57:43
67292df71641189d4000ee14,909,164,8,fukfovsuce,2024-07-04 15:10:29
67292df71641189d4000ee15,910,93,8,fqwfbvobet,2023-06-22 07:39:57
67292df71641189d4000ee16,911,175,8,nwtgcgdvrw,2024-10-15 21:29:07
67292df71641189d4000ee17,912,46,1,umzlhwhrcg,2023-08-12 07:30:36
67292df71641189d4000ee18,913,154,7,kaftqsonva,2023-05-02 17:33:20
67292df71641189d4000ee19,914,111,5,zgcjodldbw,2024-06-28 14:04:20
67292df71641189d4000ee1a,915,36,3,rklyzitwnd,2024-01-14 15:42:07
67292df71641189d4000ee1b,916,62,8,xpcshxnvlc,2023-08-25 15:35:42
67292df71641189d4000ee1c,917,62,1,wkjbrxrlwu,2023-10-15 12:17:07
67292df71641189d4000ee1d,918,13,10,nchrramylc,2023-07-14 11:40:40
67292df71641189d4000ee1e,919,166,2,hiijsxymrp,2024-03-17 23:27:16
67292df71641189d4000ee1f,920,9,6,fiyvizjoew,2023-07-08 09:44:40
67292df71641189d4000ee20,921,62,3,zzxzdcxamj,2024-03-29 12:35:27
67292df71641189d4000ee21,922,148,4,pgbfdvyxyj,2024-06-27 02:33:55
67292df71641189d4000ee22,923,83,3,wquyzdxoca,2023-01-20 07:24:14
67292df71641189d4000ee23,924,66,6,fghxkbjpmt,2024-07-14 00:12:05
67292df71641189d4000ee24,925,44,2,vvkyzvkndn,2023-05-27 01:08:17
67292df71641189d4000ee25,926,36,6,ziadmokszc,2024-01-20 23:33:03
67292df71641189d4000ee26,927,134,9,sptdgzvlfk,2024-05-10 00:06:37
67292df71641189d4000ee27,928,162,8,kyqmyemufx,2023-06-19 02:13:01
67292df71641189d4000ee28,929,184,1,lautlwviop,2023-09-25 18:35:24
67292df71641189d4000ee29,930,12,2,mtrkxzuxog,2024-06-12 23:30:39
67292df71641189d4000ee2a,931,71,8,oddryfilya,2024-01-19 19:32:15
67292df71641189d4000ee2b,932,18,2,rlsdkfdoqp,2024-10-02 00:03:44
67292df71641189d4000ee2c,933,51,1,athdioqizf,2023-02-01 11:13:06
67292df71641189d4000ee2d,934,82,3,gcxkxmycao,2023-09-29 08:42:47
67292df71641189d4000ee2e,935,163,4,bdiiepkrss,2023-03-24 04:05:22
67292df71641189d4000ee2f,936,111,2,arwaoplidj,2024-09-05 08:58:19
67292df71641189d4000ee30,937,126,10,wusxnmyicn,2023-07-27 02:11:52
67292df71641189d4000ee31,938,103,10,sgliobqakf,2023-03-24 15:40:32
67292df71641189d4000ee32,939,156,3,idelzpmhsz,2024-01-12 20:33:26
67292df71641189d4000ee33,940,35,7,vpcrhwftpy,2023-06-29 10:23:18
67292df71641189d4000ee34,941,169,6,zpdihrdqhf,2024-03-21 19:16:24
67292df71641189d4000ee35,942,38,3,lazgzzyzhv,2024-04-05 16:29:54
67292df71641189d4000ee36,943,88,2,lvdpmhdtff,2024-03-25 18:47:16
67292df71641189d4000ee37,944,153,2,bmhrkxhxcs,2024-03-13 04:07:37
67292df71641189d4000ee38,945,18,9,ornzvanpzr,2024-01-04 21:50:41
67292df71641189d4000ee39,946,36,2,iirdyizswf,2024-04-14 04:24:39
67292df71641189d4000ee3a,947,88,2,pmvuuvmbks,2024-06-03 00:14:40
67292df71641189d4000ee3b,948,116,10,talssvtvbo,2023-08-28 07:46:04
67292df71641189d4000ee3c,949,172,7,tdmbpoybpv,2024-03-02 23:26:35
67292df71641189d4000ee3d,950,196,1,bojoomvozx,2023-07-17 09:32:48
67292df71641189d4000ee3e,951,55,3,meshrdyjle,2024-01-11 02:18:01
67292df71641189d4000ee3f,952,15,1,cfhjrmrypp,2024-01-21 15:54:54
67292df71641189d4000ee40,953,143,9,alsskziyre,2024-01-13 13:50:09
67292df71641189d4000ee41,954,86,1,nnaruudvrx,2024-09-15 17:11:42
67292df71641189d4000ee42,955,124,3,oceemnxfvj,2024-01-21 15:27:43
67292df71641189d4000ee43,956,81,2,auknewrbee,2023-11-26 17:39:10
67292df71641189d4000ee44,957,94,6,qnemsdwkjo,2023-04-27 01:28:30
67292df71641189d4000ee45,958,74,5,aanqyptxqf,2023-10-29 08:06:28
67292df71641189d4000ee46,959,68,5,knjccnfpvl,2023-08-30 05:34:11
67292df71641189d4000ee47,960,178,4,awwcykitos,2023-12-11 15:34:13
67292df71641189d4000ee48,961,132,8,pdkczrnqcn,2023-06-29 16:06:14
67292df71641189d4000ee49,962,90,3,kdgftnhxao,2023-06-25 05:38:21
67292df71641189d4000ee4a,963,140,10,iykhefhtkm,2024-05-01 09:12:23
67292df71641189d4000ee4b,964,80,1,nhzpfjuftq,2024-06-22 11:41:00
67292df71641189d4000ee4c,965,88,4,uogobyjgkp,2024-01-07 19:19:21
67292df71641189d4000ee4d,966,121,6,dpdxonqmve,2023-01-14 19:24:20
67292df71641189d4000ee4e,967,136,8,eqymtieare,2023-11-02 18:30:35
67292df71641189d4000ee4f,968,131,6,cywzizgxlq,2023-02-10 16:03:38
67292df71641189d4000ee50,969,184,10,ihplgncnue,2024-06-05 21:27:32
67292df71641189d4000ee51,970,89,5,ptvvplihjy,2023-09-11 16:13:16
67292df71641189d4000ee52,971,189,10,dagmvyfgsq,2024-06-13 07:35:17
67292df71641189d4000ee53,972,171,1,dvghhbicjc,2024-03-29 20:55:01
67292df71641189d4000ee54,973,177,8,nlpdwincwi,2023-01-10 23:34:41
67292df71641189d4000ee55,974,164,10,ymhigbqnbq,2024-04-10 03:15:09
67292df71641189d4000ee56,975,68,8,deazugoepf,2024-03-24 09:48:44
67292df71641189d4000ee57,976,80,4,qzqbaqfunl,2023-08-20 13:10:56
67292df71641189d4000ee58,977,192,10,umngsxsikv,2024-10-16 01:35:18
67292df71641189d4000ee59,978,90,5,kxuldctwws,2023-09-13 00:11:36
67292df71641189d4000ee5a,979,115,5,clayafhlgg,2023-02-15 21:45:14
67292df71641189d4000ee5b,980,15,2,drgllnbdes,2023-12-08 15:26:34
67292df71641189d4000ee5c,981,8,10,qmqhrznuyp,2023-02-26 07:09:41
67292df71641189d4000ee5d,982,22,4,bbpxpyqjar,2024-09-28 06:39:41
67292df71641189d4000ee5e,983,119,1,ljrjazjqtf,2024-07-12 09:45:20
67292df71641189d4000ee5f,984,166,6,xoeizoxsyy,2023-08-28 06:10:35
67292df71641189d4000ee60,985,39,3,rvopsupkpl,2024-08-20 18:42:57
67292df71641189d4000ee61,986,9,9,iiskdeclmi,2023-10-25 15:03:57
67292df71641189d4000ee62,987,126,9,nspjxtoeii,2023-03-05 22:23:53
67292df71641189d4000ee63,988,179,8,tzkaiakamt,2023-11-18 09:39:17
67292df71641189d4000ee64,989,135,5,hldudxesyj,2023-03-08 03:14:48
67292df71641189d4000ee65,990,84,5,mzgliwwcaa,2024-01-03 14:26:21
67292df71641189d4000ee66,991,153,2,ymnwplsayz,2024-08-26 10:17:48
67292df71641189d4000ee67,992,124,8,uxwdjzlrer,2024-05-06 18:34:34
67292df71641189d4000ee68,993,26,8,ozrgwtcajy,2023-05-14 12:09:04
67292df71641189d4000ee69,994,91,7,dmkmhkckmv,2023-11-12 04:43:58
67292df71641189d4000ee6a,995,44,3,dsjnhaemqy,2024-08-28 19:37:44
67292df71641189d4000ee6b,996,6,9,xlukzgkcdv,2024-02-26 15:43:46
67292df71641189d4000ee6c,997,114,10,phjroszlpu,2023-01-05 13:18:04
67292df71641189d4000ee6d,998,187,10,mnyrjxxyva,2024-09-14 13:33:17
67292df71641189d4000ee6e,999,26,4,vevrkrpkii,2023-11-27 15:37:45
67292df71641189d4000ee6f,1000,195,3,nesjdjyekq,2024-03-27 09:31:53
